id,nombres,contraseña,edad,correo
417.0,Fernanda Fernandez,gap987,19.0, ad@correo.com 
281.0,,person987,20.0,ad@correo.com
165.0,Fernanda Fernandez,-,37.0,ju@correo.com
418.0,Pedro Perez,person123,30.0, ad@correo.com 
97.0,Luisa Lopez,love123,800.0,hr@correo.com
434.0,Gaston Galeano,person987,65.0, yu@correo.com 
385.0,11,gap123,20.0,km@correo.com
186.0,Maria Martinez,as,24.0,ad@correo.com
393.0,Carlos Cuesta,love123,37.0,ju@correo.com
101.0,Gaston Galeano,admin987,65.0,ew@correo.com
292.0,Juan Jimenez,user987,,ew@correo.com
286.0,-10,user123,29.0,hr@correo.com
477.0,Pedro Perez,user987,37.0, ad@correo.com 
,Juan Jimenez,gap987,30.0,yu@correo.com
,Carlos Cuesta,admin987,19.0,ew@correo.com
18.0,Rocio Rua,person987,800.0,hr@correo.com
322.0,Fernanda Fernandez,person987,29.0,ad@correo.com
252.0,Pedro Perez,gap123,,km@correo.com
13.0,-10,person123,65.0,km@correo.com
22.0,Laura Lopez,love123,-10.0,lu@correo.com
185.0,Fernanda Fernandez,-,25.0,jl@correo.com
458.0,Laura Lopez,admin987,24.0, ad@correo.com 
351.0,Carlos Cuesta,love123,29.0, jl@correo.com 
,Fernanda Fernandez,person987,22.0,lu@correo.com
174.0,Maria Martinez,person987,22.0,gb@correo.com
335.0,11,love987,22.0,gb@correo.com
31.0,-10,person987,30.0,ad@correo.com
194.0,Luisa Lopez,person123,800.0,lu@correo.com
373.0,-10,gap987,19.0,ju@correo.com
233.0,11,person987,37.0,ew@correo.com
109.0,Maria Martinez,as,37.0,lu@correo.com
59.0,Fernanda Fernandez,love123,-10.0,ju@correo.com
13.0,Fernanda Fernandez,gap123,800.0,ew@correo.com
,Fernanda Fernandez,person987,25.0,ju@correo.com
47.0,Maria Martinez,gap123,800.0,ew@correo.com
137.0,,gap123,24.0,yu@correo.com
215.0,Maria Martinez,as,22.0,jl@correo.com
303.0,Miguel Montoya,gap123,30.0, yu@correo.com 
498.0,Fernanda Fernandez,love123,19.0, ew@correo.com 
,Pedro Perez,gap123,65.0,ju@correo.com
77.0,Juan Jimenez,-,29.0,jl@correo.com
159.0,11,gap123,19.0,ju@correo.com
,Maria Martinez,love123,24.0,km@correo.com
415.0,Fernanda Fernandez,gap987,37.0, lu@correo.com 
452.0,Rocio Rua,admin987,65.0, hr@correo.com 
,Luisa Lopez,user123,22.0,lu@correo.com
94.0,Maria Martinez,admin123,800.0,km@correo.com
406.0,11,gap123,30.0,ad@correo.com
129.0,Miguel Montoya,user123,30.0, gb@correo.com 
98.0,Fernanda Fernandez,gap987,19.0, hr@correo.com 
365.0,11,person123,65.0,jl@correo.com
310.0,Miguel Montoya,person123,29.0, ju@correo.com 
,Juan Jimenez,person123,37.0,ju@correo.com
455.0,Maria Martinez,gap123,29.0,jl@correo.com
496.0,Carlos Cuesta,user987,-10.0,ew@correo.com
445.0,11,user123,19.0,hr@correo.com
187.0,Gaston Galeano,user123,25.0, ju@correo.com 
316.0,Miguel Montoya,as,22.0,yu@correo.com
294.0,Fernanda Fernandez,love987,19.0, yu@correo.com 
325.0,Laura Lopez,gap987,65.0, ad@correo.com 
78.0,Rocio Rua,person123,-10.0,ju@correo.com
303.0,Fernanda Fernandez,,24.0,ju@correo.com
404.0,11,gap123,30.0,ad@correo.com
302.0,Maria Martinez,admin987,37.0, hr@correo.com 
115.0,Rocio Rua,gap987,65.0,ad@correo.com
110.0,,admin123,20.0,ju@correo.com
305.0,Carlos Cuesta,user123,65.0, km@correo.com 
,Maria Martinez,user123,29.0,gb@correo.com
313.0,Laura Lopez,as,30.0,jl@correo.com
,Pedro Perez,love987,30.0,yu@correo.com
334.0,Luisa Lopez,,29.0,gb@correo.com
74.0,Gaston Galeano,as,25.0,hr@correo.com
23.0,Pedro Perez,user987,800.0,gb@correo.com
486.0,Pedro Perez,as,25.0,lu@correo.com
169.0,-10,love987,20.0,jl@correo.com
114.0,Laura Lopez,admin123,22.0,ad@correo.com
312.0,-10,user987,37.0,ad@correo.com
77.0,,admin123,30.0,hr@correo.com
403.0,Carlos Cuesta,user987,37.0, yu@correo.com 
396.0,Maria Martinez,gap987,65.0, ju@correo.com 
244.0,Rocio Rua,love987,-10.0,hr@correo.com
,Maria Martinez,user987,30.0,gb@correo.com
,Gaston Galeano,love123,65.0,jl@correo.com
469.0,Gaston Galeano,love987,800.0,gb@correo.com
181.0,Maria Martinez,as,40.0,ad@correo.com
,Luisa Lopez,gap123,25.0,ew@correo.com
198.0,-10,admin123,19.0,ju@correo.com
468.0,Rocio Rua,love123,19.0, km@correo.com 
468.0,Gaston Galeano,love987,65.0, jl@correo.com 
470.0,Laura Lopez,admin123,20.0,lu@correo.com
401.0,Luisa Lopez,as,37.0,km@correo.com
143.0,Maria Martinez,user987,40.0,hr@correo.com
335.0,Rocio Rua,admin123,37.0, ew@correo.com 
,Luisa Lopez,admin123,20.0,ad@correo.com
396.0,Maria Martinez,love123,24.0, ew@correo.com 
268.0,Laura Lopez,-,30.0,km@correo.com
226.0,Pedro Perez,gap123,25.0,ew@correo.com
303.0,Pedro Perez,gap123,-10.0,yu@correo.com
,Gaston Galeano,love987,37.0,km@correo.com
311.0,Juan Jimenez,user123,29.0,gb@correo.com
79.0,-10,user987,20.0,ad@correo.com
355.0,Carlos Cuesta,love987,22.0, gb@correo.com 
140.0,Luisa Lopez,admin123,20.0,ad@correo.com
36.0,Laura Lopez,user987,25.0,km@correo.com
328.0,Fernanda Fernandez,as,65.0,ad@correo.com
417.0,Juan Jimenez,love987,65.0, hr@correo.com 
200.0,Fernanda Fernandez,admin123,-10.0,ad@correo.com
272.0,11,love987,30.0,ju@correo.com
,Luisa Lopez,admin123,25.0,yu@correo.com
102.0,Maria Martinez,gap123,22.0, gb@correo.com 
430.0,,user123,24.0,gb@correo.com
259.0,Gaston Galeano,as,20.0,ew@correo.com
376.0,Gaston Galeano,user987,29.0, jl@correo.com 
405.0,Juan Jimenez,person123,,jl@correo.com
456.0,Carlos Cuesta,love123,800.0,hr@correo.com
226.0,Gaston Galeano,user123,25.0, ad@correo.com 
338.0,Miguel Montoya,love123,19.0,ju@correo.com
286.0,Luisa Lopez,as,19.0,km@correo.com
479.0,Carlos Cuesta,admin987,800.0,lu@correo.com
,Rocio Rua,user123,29.0,km@correo.com
317.0,Fernanda Fernandez,gap123,-10.0,km@correo.com
,Pedro Perez,admin123,20.0,lu@correo.com
482.0,Fernanda Fernandez,person123,800.0,km@correo.com
147.0,Gaston Galeano,person123,37.0, ew@correo.com 
131.0,,admin987,24.0,ju@correo.com
33.0,Laura Lopez,gap987,,km@correo.com
179.0,Gaston Galeano,admin123,,ew@correo.com
461.0,,user123,22.0,ew@correo.com
32.0,Rocio Rua,,30.0,ew@correo.com
,Luisa Lopez,person987,65.0,ad@correo.com
365.0,Laura Lopez,love123,30.0, ad@correo.com 
261.0,Maria Martinez,person123,19.0,lu@correo.com
384.0,Carlos Cuesta,love987,29.0, gb@correo.com 
168.0,11,user123,65.0,ju@correo.com
,Maria Martinez,person123,22.0,km@correo.com
59.0,,person123,30.0,lu@correo.com
298.0,11,gap987,30.0,ad@correo.com
,Laura Lopez,gap123,20.0,ju@correo.com
127.0,Carlos Cuesta,user123,29.0, ju@correo.com 
440.0,Luisa Lopez,admin123,37.0, jl@correo.com 
297.0,Pedro Perez,-,25.0,ju@correo.com
118.0,Maria Martinez,user123,22.0,lu@correo.com
47.0,-10,gap123,40.0,gb@correo.com
,Miguel Montoya,admin987,22.0,yu@correo.com
430.0,Gaston Galeano,love987,-10.0,ew@correo.com
340.0,Luisa Lopez,user123,-10.0,ew@correo.com
321.0,Luisa Lopez,-,20.0,lu@correo.com
,Laura Lopez,admin123,24.0,jl@correo.com
492.0,,admin987,65.0,ju@correo.com
133.0,Pedro Perez,admin987,65.0, ad@correo.com 
401.0,Miguel Montoya,person123,20.0, yu@correo.com 
489.0,11,user123,20.0,lu@correo.com
135.0,,person987,20.0,ju@correo.com
145.0,Juan Jimenez,gap987,40.0, jl@correo.com 
,Pedro Perez,love123,30.0,ad@correo.com
406.0,Rocio Rua,,20.0,ad@correo.com
313.0,Gaston Galeano,love987,37.0, gb@correo.com 
,Miguel Montoya,gap123,22.0,ju@correo.com
95.0,Luisa Lopez,user123,-10.0,ew@correo.com
360.0,Fernanda Fernandez,person987,800.0,ad@correo.com
25.0,-10,person123,24.0,gb@correo.com
71.0,Laura Lopez,,20.0,km@correo.com
53.0,Laura Lopez,gap987,,hr@correo.com
51.0,Luisa Lopez,-,40.0,ew@correo.com
,Maria Martinez,admin123,37.0,lu@correo.com
,Rocio Rua,gap987,65.0,ew@correo.com
495.0,Gaston Galeano,love123,20.0, gb@correo.com 
,Juan Jimenez,person987,30.0,ju@correo.com
243.0,Carlos Cuesta,user987,-10.0,jl@correo.com
420.0,Maria Martinez,user987,,ad@correo.com
268.0,Carlos Cuesta,user987,22.0, ju@correo.com 
,Pedro Perez,gap987,40.0,ad@correo.com
327.0,-10,love123,22.0,hr@correo.com
143.0,,user987,19.0,ad@correo.com
84.0,Rocio Rua,-,65.0,lu@correo.com
127.0,Juan Jimenez,-,65.0,lu@correo.com
447.0,Miguel Montoya,love123,800.0,yu@correo.com
51.0,Juan Jimenez,gap123,25.0, ad@correo.com 
415.0,Fernanda Fernandez,gap123,-10.0,hr@correo.com
339.0,Juan Jimenez,user123,800.0,ju@correo.com
456.0,Fernanda Fernandez,admin123,29.0, ju@correo.com 
313.0,Laura Lopez,user987,800.0,ad@correo.com
40.0,Laura Lopez,admin987,65.0, hr@correo.com 
308.0,Luisa Lopez,admin123,65.0, hr@correo.com 
296.0,11,user123,19.0,lu@correo.com
57.0,Laura Lopez,user987,24.0,hr@correo.com
327.0,Maria Martinez,gap123,30.0, lu@correo.com 
270.0,Laura Lopez,gap987,,ad@correo.com
,Carlos Cuesta,love123,20.0,ad@correo.com
396.0,Laura Lopez,gap123,800.0,hr@correo.com
101.0,Carlos Cuesta,admin987,24.0, jl@correo.com 
85.0,Gaston Galeano,admin987,,km@correo.com
,Laura Lopez,love123,65.0,gb@correo.com
223.0,11,gap987,30.0,gb@correo.com
261.0,Gaston Galeano,person987,20.0, ew@correo.com 
294.0,Pedro Perez,,20.0,ju@correo.com
,Laura Lopez,user123,30.0,km@correo.com
344.0,Laura Lopez,user987,25.0, lu@correo.com 
331.0,Carlos Cuesta,user123,-10.0,jl@correo.com
398.0,Gaston Galeano,user123,800.0,lu@correo.com
305.0,Carlos Cuesta,,25.0,yu@correo.com
188.0,Luisa Lopez,user987,25.0,hr@correo.com
226.0,Miguel Montoya,love123,24.0, jl@correo.com 
367.0,,person123,20.0,gb@correo.com
426.0,Rocio Rua,gap123,19.0, km@correo.com 
,Juan Jimenez,person987,20.0,gb@correo.com
349.0,-10,love987,37.0,hr@correo.com
208.0,-10,user987,40.0,ju@correo.com
484.0,11,admin987,29.0,yu@correo.com
368.0,-10,admin987,24.0,lu@correo.com
123.0,Carlos Cuesta,user123,37.0,km@correo.com
233.0,Pedro Perez,person987,19.0, lu@correo.com 
270.0,-10,user987,20.0,jl@correo.com
454.0,Pedro Perez,love123,29.0,ad@correo.com
330.0,Luisa Lopez,love123,,jl@correo.com
415.0,11,gap987,20.0,jl@correo.com
68.0,Pedro Perez,admin987,65.0, ad@correo.com 
444.0,11,gap123,25.0,ad@correo.com
380.0,11,gap987,30.0,km@correo.com
159.0,Rocio Rua,,30.0,hr@correo.com
,Maria Martinez,gap123,22.0,ju@correo.com
227.0,,user987,29.0,yu@correo.com
,Pedro Perez,user123,37.0,hr@correo.com
31.0,Juan Jimenez,-,20.0,lu@correo.com
413.0,Fernanda Fernandez,admin987,800.0,lu@correo.com
459.0,Luisa Lopez,admin987,37.0, ad@correo.com 
280.0,-10,gap987,29.0,hr@correo.com
70.0,Laura Lopez,person987,40.0,gb@correo.com
348.0,Luisa Lopez,user987,-10.0,jl@correo.com
476.0,Carlos Cuesta,person123,22.0, gb@correo.com 
377.0,,gap123,37.0,yu@correo.com
27.0,Luisa Lopez,person987,22.0, jl@correo.com 
18.0,Maria Martinez,as,65.0,gb@correo.com
274.0,Juan Jimenez,gap123,24.0, jl@correo.com 
80.0,Laura Lopez,user987,800.0,lu@correo.com
3.0,-10,admin987,22.0,km@correo.com
311.0,,admin987,37.0,km@correo.com
271.0,Luisa Lopez,admin123,,km@correo.com
33.0,-10,admin123,19.0,hr@correo.com
113.0,Miguel Montoya,gap123,29.0, yu@correo.com 
280.0,Luisa Lopez,person123,65.0,yu@correo.com
,Carlos Cuesta,person987,40.0,yu@correo.com
141.0,Fernanda Fernandez,love123,,lu@correo.com
,Miguel Montoya,love123,19.0,km@correo.com
228.0,-10,gap987,29.0,yu@correo.com
32.0,11,admin123,30.0,km@correo.com
467.0,11,admin987,37.0,ad@correo.com
440.0,-10,person987,65.0,yu@correo.com
56.0,Pedro Perez,,24.0,yu@correo.com
,Gaston Galeano,person987,25.0,hr@correo.com
296.0,Juan Jimenez,gap123,25.0,ew@correo.com
332.0,Carlos Cuesta,person987,24.0, hr@correo.com 
387.0,Pedro Perez,gap123,,ad@correo.com
208.0,Maria Martinez,love123,800.0,gb@correo.com
291.0,Gaston Galeano,user987,65.0,yu@correo.com
430.0,-10,love123,19.0,km@correo.com
,Gaston Galeano,user123,29.0,ew@correo.com
30.0,Miguel Montoya,as,20.0,lu@correo.com
,Laura Lopez,love123,30.0,ad@correo.com
342.0,Luisa Lopez,user123,-10.0,hr@correo.com
94.0,Pedro Perez,user987,-10.0,ad@correo.com
277.0,Laura Lopez,gap123,22.0, lu@correo.com 
351.0,Miguel Montoya,love123,40.0,ju@correo.com
187.0,Carlos Cuesta,admin123,20.0, km@correo.com 
498.0,Maria Martinez,user987,65.0, hr@correo.com 
118.0,Carlos Cuesta,admin987,22.0, hr@correo.com 
415.0,Pedro Perez,person987,-10.0,gb@correo.com
253.0,Miguel Montoya,admin987,29.0,lu@correo.com
444.0,Fernanda Fernandez,,30.0,yu@correo.com
318.0,Juan Jimenez,as,20.0,hr@correo.com
,Pedro Perez,love987,20.0,ju@correo.com
272.0,-10,love123,29.0,ad@correo.com
,Rocio Rua,person123,25.0,ju@correo.com
348.0,Luisa Lopez,gap123,,ju@correo.com
252.0,Rocio Rua,admin987,-10.0,ad@correo.com
29.0,11,love123,30.0,hr@correo.com
,Miguel Montoya,person987,30.0,km@correo.com
444.0,Maria Martinez,gap987,800.0,ad@correo.com
281.0,Rocio Rua,gap123,29.0,lu@correo.com
194.0,Pedro Perez,love987,25.0, ju@correo.com 
131.0,-10,admin123,22.0,km@correo.com
,Juan Jimenez,person987,40.0,hr@correo.com
,Juan Jimenez,user123,20.0,lu@correo.com
435.0,Juan Jimenez,admin123,29.0, gb@correo.com 
,Rocio Rua,admin123,29.0,ew@correo.com
268.0,-10,gap123,19.0,ju@correo.com
135.0,,admin987,30.0,ju@correo.com
117.0,Carlos Cuesta,-,29.0,yu@correo.com
283.0,-10,love123,29.0,lu@correo.com
476.0,11,admin987,30.0,lu@correo.com
46.0,Juan Jimenez,love987,30.0, hr@correo.com 
,Laura Lopez,user123,19.0,ad@correo.com
,Laura Lopez,user987,25.0,ad@correo.com
,Carlos Cuesta,person123,40.0,ad@correo.com
295.0,Luisa Lopez,-,19.0,ad@correo.com
481.0,Pedro Perez,love987,-10.0,ad@correo.com
184.0,-10,gap123,29.0,km@correo.com
24.0,Carlos Cuesta,as,29.0,gb@correo.com
473.0,Laura Lopez,gap987,-10.0,ew@correo.com
255.0,,person987,24.0,yu@correo.com
319.0,Maria Martinez,gap987,,ad@correo.com
145.0,Luisa Lopez,gap123,19.0, ad@correo.com 
407.0,Laura Lopez,person123,,hr@correo.com
195.0,Gaston Galeano,love987,29.0, lu@correo.com 
469.0,Luisa Lopez,love987,65.0, hr@correo.com 
340.0,Luisa Lopez,love123,24.0, lu@correo.com 
,Maria Martinez,love987,25.0,gb@correo.com
,Carlos Cuesta,admin987,30.0,jl@correo.com
406.0,Rocio Rua,love123,-10.0,gb@correo.com
366.0,Juan Jimenez,admin123,800.0,lu@correo.com
494.0,Laura Lopez,love987,40.0, lu@correo.com 
497.0,Fernanda Fernandez,love123,65.0, ad@correo.com 
60.0,,love123,37.0,gb@correo.com
,Laura Lopez,admin123,25.0,ad@correo.com
132.0,Carlos Cuesta,gap987,800.0,ew@correo.com
149.0,Maria Martinez,,19.0,ju@correo.com
335.0,Luisa Lopez,gap123,22.0, km@correo.com 
94.0,,user987,22.0,jl@correo.com
235.0,11,person987,25.0,ad@correo.com
53.0,-10,love123,24.0,ew@correo.com
,Maria Martinez,user123,37.0,ju@correo.com
221.0,Fernanda Fernandez,gap987,65.0,ew@correo.com
488.0,Rocio Rua,-,22.0,jl@correo.com
,Juan Jimenez,person987,25.0,ew@correo.com
135.0,Juan Jimenez,admin987,,ju@correo.com
479.0,Miguel Montoya,admin123,65.0,ad@correo.com
120.0,Gaston Galeano,love987,800.0,ju@correo.com
188.0,Miguel Montoya,love987,,km@correo.com
116.0,Miguel Montoya,admin987,37.0, gb@correo.com 
361.0,Juan Jimenez,person123,22.0, jl@correo.com 
119.0,Juan Jimenez,admin123,800.0,lu@correo.com
346.0,Gaston Galeano,person987,29.0,ew@correo.com
169.0,Luisa Lopez,admin987,25.0, jl@correo.com 
407.0,Maria Martinez,,30.0,ew@correo.com
491.0,,person987,25.0,ew@correo.com
176.0,Fernanda Fernandez,love987,-10.0,ew@correo.com
303.0,Gaston Galeano,person123,-10.0,jl@correo.com
67.0,-10,admin123,37.0,yu@correo.com
,Luisa Lopez,user123,20.0,hr@correo.com
,Laura Lopez,gap987,25.0,hr@correo.com
,Luisa Lopez,user987,65.0,ad@correo.com
457.0,Gaston Galeano,,25.0,hr@correo.com
392.0,Rocio Rua,love123,22.0,ad@correo.com
,Juan Jimenez,love123,20.0,ad@correo.com
416.0,-10,user123,19.0,ad@correo.com
364.0,Juan Jimenez,user987,-10.0,ew@correo.com
351.0,11,user987,65.0,gb@correo.com
438.0,Pedro Perez,gap123,-10.0,ew@correo.com
362.0,Maria Martinez,love987,,gb@correo.com
,Juan Jimenez,admin123,20.0,km@correo.com
,Luisa Lopez,user123,65.0,ad@correo.com
,Luisa Lopez,user123,19.0,gb@correo.com
,Carlos Cuesta,person123,65.0,ad@correo.com
,Juan Jimenez,gap987,20.0,lu@correo.com
150.0,-10,admin123,24.0,ad@correo.com
376.0,11,person987,25.0,yu@correo.com
14.0,,gap987,25.0,jl@correo.com
6.0,Miguel Montoya,as,24.0,lu@correo.com
,Luisa Lopez,admin987,25.0,ew@correo.com
,Rocio Rua,person123,25.0,ew@correo.com
294.0,Carlos Cuesta,love123,37.0, ew@correo.com 
401.0,-10,user123,30.0,ju@correo.com
265.0,Maria Martinez,love987,-10.0,hr@correo.com
407.0,,gap987,19.0,jl@correo.com
,Juan Jimenez,person123,22.0,ew@correo.com
458.0,,person987,20.0,km@correo.com
64.0,,user987,40.0,gb@correo.com
233.0,Luisa Lopez,admin987,800.0,ad@correo.com
228.0,Luisa Lopez,-,19.0,ad@correo.com
211.0,Gaston Galeano,love987,-10.0,hr@correo.com
282.0,Fernanda Fernandez,person987,24.0, km@correo.com 
241.0,Maria Martinez,user123,,hr@correo.com
,Miguel Montoya,gap123,20.0,lu@correo.com
267.0,Juan Jimenez,gap987,29.0, yu@correo.com 
226.0,Carlos Cuesta,gap123,37.0,jl@correo.com
458.0,Miguel Montoya,gap987,25.0, ad@correo.com 
90.0,Rocio Rua,gap987,29.0, hr@correo.com 
488.0,Fernanda Fernandez,gap987,19.0,ju@correo.com
,Pedro Perez,love123,37.0,ju@correo.com
388.0,Fernanda Fernandez,admin987,25.0, yu@correo.com 
424.0,-10,love987,25.0,ad@correo.com
309.0,-10,gap123,19.0,jl@correo.com
222.0,Luisa Lopez,,30.0,gb@correo.com
415.0,Rocio Rua,love123,800.0,lu@correo.com
157.0,Maria Martinez,gap123,22.0, ju@correo.com 
200.0,Maria Martinez,gap987,19.0,ad@correo.com
245.0,,love987,25.0,yu@correo.com
368.0,Gaston Galeano,gap987,-10.0,km@correo.com
,Gaston Galeano,love987,20.0,ad@correo.com
16.0,Luisa Lopez,,25.0,hr@correo.com
277.0,Fernanda Fernandez,user123,,yu@correo.com
83.0,Laura Lopez,user123,24.0,ju@correo.com
456.0,Gaston Galeano,admin987,40.0, hr@correo.com 
249.0,Fernanda Fernandez,love987,29.0,hr@correo.com
,Maria Martinez,gap123,37.0,ju@correo.com
40.0,Laura Lopez,admin987,19.0,jl@correo.com
91.0,,user987,30.0,km@correo.com
334.0,-10,admin987,25.0,jl@correo.com
481.0,Miguel Montoya,love987,30.0, km@correo.com 
433.0,Gaston Galeano,user123,800.0,lu@correo.com
165.0,11,admin123,19.0,km@correo.com
372.0,Juan Jimenez,love987,,lu@correo.com
,Carlos Cuesta,love123,65.0,jl@correo.com
181.0,Rocio Rua,user123,,lu@correo.com
241.0,Maria Martinez,user987,24.0, lu@correo.com 
430.0,Luisa Lopez,person123,800.0,ew@correo.com
454.0,Carlos Cuesta,,37.0,ad@correo.com
,Laura Lopez,love987,20.0,ju@correo.com
83.0,Juan Jimenez,gap123,800.0,ad@correo.com
123.0,11,person987,37.0,ew@correo.com
113.0,Carlos Cuesta,admin123,37.0, yu@correo.com 
235.0,-10,love987,65.0,yu@correo.com
198.0,Gaston Galeano,user123,29.0,km@correo.com
395.0,Pedro Perez,gap123,,ew@correo.com
,Luisa Lopez,user123,22.0,gb@correo.com
298.0,-10,love123,29.0,lu@correo.com
,Luisa Lopez,gap123,20.0,gb@correo.com
446.0,Carlos Cuesta,user123,,yu@correo.com
158.0,,admin987,65.0,ad@correo.com
23.0,-10,person987,24.0,lu@correo.com
416.0,Pedro Perez,love123,65.0, km@correo.com 
388.0,-10,gap987,65.0,gb@correo.com
429.0,Laura Lopez,love123,,jl@correo.com
70.0,Luisa Lopez,gap987,29.0, km@correo.com 
12.0,Carlos Cuesta,user123,40.0, ad@correo.com 
,Gaston Galeano,person123,24.0,jl@correo.com
223.0,Rocio Rua,love123,-10.0,ad@correo.com
32.0,Carlos Cuesta,user987,800.0,km@correo.com
315.0,Gaston Galeano,-,37.0,ew@correo.com
,Gaston Galeano,love987,37.0,ju@correo.com
291.0,Maria Martinez,gap987,25.0, ad@correo.com 
38.0,,admin123,25.0,km@correo.com
89.0,Luisa Lopez,admin987,800.0,gb@correo.com
373.0,Juan Jimenez,user987,40.0,km@correo.com
,Luisa Lopez,gap987,29.0,lu@correo.com
273.0,-10,gap123,25.0,ad@correo.com
241.0,Carlos Cuesta,user987,20.0, gb@correo.com 
281.0,-10,love987,24.0,yu@correo.com
113.0,,user123,25.0,hr@correo.com
427.0,Pedro Perez,user987,-10.0,lu@correo.com
56.0,Fernanda Fernandez,gap123,,hr@correo.com
103.0,Rocio Rua,user987,30.0,gb@correo.com
149.0,Laura Lopez,gap123,65.0,ad@correo.com
156.0,Laura Lopez,gap123,65.0, ad@correo.com 
,Juan Jimenez,user987,40.0,yu@correo.com
292.0,11,admin123,37.0,ju@correo.com
472.0,Rocio Rua,user123,37.0, ad@correo.com 
,Gaston Galeano,gap123,30.0,ew@correo.com
500.0,Pedro Perez,user987,800.0,ew@correo.com
39.0,Rocio Rua,admin987,40.0, gb@correo.com 
256.0,Miguel Montoya,-,25.0,hr@correo.com
312.0,Luisa Lopez,gap987,29.0,ju@correo.com
158.0,Miguel Montoya,person123,800.0,jl@correo.com
44.0,Miguel Montoya,person123,29.0, lu@correo.com 
376.0,Luisa Lopez,person123,-10.0,ad@correo.com
,Laura Lopez,person123,30.0,ew@correo.com
167.0,Fernanda Fernandez,as,37.0,lu@correo.com
460.0,,gap123,25.0,lu@correo.com
343.0,Luisa Lopez,person987,-10.0,lu@correo.com
176.0,Pedro Perez,love123,29.0, ad@correo.com 
,Juan Jimenez,gap123,37.0,ad@correo.com
14.0,-10,love987,20.0,lu@correo.com
237.0,-10,admin987,40.0,jl@correo.com
111.0,Gaston Galeano,user987,19.0, hr@correo.com 
62.0,-10,admin123,40.0,gb@correo.com
215.0,-10,gap123,40.0,hr@correo.com
,Fernanda Fernandez,admin123,19.0,ju@correo.com
258.0,Rocio Rua,admin123,,ew@correo.com
485.0,Maria Martinez,-,37.0,yu@correo.com
29.0,Miguel Montoya,admin123,,yu@correo.com
303.0,Juan Jimenez,,22.0,gb@correo.com
16.0,-10,gap987,65.0,yu@correo.com
176.0,11,person123,40.0,jl@correo.com
25.0,Rocio Rua,gap123,-10.0,gb@correo.com
296.0,Pedro Perez,admin123,37.0,jl@correo.com
,Luisa Lopez,gap123,29.0,lu@correo.com
,Juan Jimenez,person123,20.0,ew@correo.com
344.0,11,admin123,29.0,km@correo.com
28.0,11,gap123,37.0,hr@correo.com
294.0,11,gap987,30.0,ew@correo.com
122.0,Fernanda Fernandez,gap123,19.0, lu@correo.com 
401.0,,person987,65.0,ad@correo.com
315.0,Rocio Rua,love123,,jl@correo.com
337.0,Miguel Montoya,gap987,37.0,lu@correo.com
,Luisa Lopez,person123,37.0,yu@correo.com
40.0,Laura Lopez,-,25.0,jl@correo.com
360.0,Rocio Rua,love987,37.0, gb@correo.com 
29.0,Luisa Lopez,admin987,,lu@correo.com
,Pedro Perez,person987,29.0,yu@correo.com
288.0,Miguel Montoya,admin987,-10.0,ad@correo.com
34.0,,gap123,22.0,ad@correo.com
425.0,Maria Martinez,,25.0,ew@correo.com
379.0,Rocio Rua,-,40.0,jl@correo.com
281.0,Carlos Cuesta,love987,,ew@correo.com
423.0,Fernanda Fernandez,love123,24.0, ad@correo.com 
,Fernanda Fernandez,admin123,40.0,jl@correo.com
447.0,11,gap123,29.0,lu@correo.com
247.0,Fernanda Fernandez,admin987,20.0,gb@correo.com
,Pedro Perez,admin987,29.0,hr@correo.com
467.0,Maria Martinez,person123,24.0, km@correo.com 
240.0,Pedro Perez,user987,800.0,ad@correo.com
344.0,Luisa Lopez,admin123,20.0, km@correo.com 
197.0,,admin123,20.0,hr@correo.com
401.0,,admin987,19.0,hr@correo.com
,Juan Jimenez,love123,25.0,jl@correo.com
190.0,,admin987,20.0,ju@correo.com
11.0,Maria Martinez,admin987,,ad@correo.com
138.0,Carlos Cuesta,love987,-10.0,hr@correo.com
199.0,Maria Martinez,love123,40.0, yu@correo.com 
255.0,,love123,19.0,ad@correo.com
350.0,Fernanda Fernandez,user987,-10.0,ju@correo.com
,Luisa Lopez,admin987,29.0,ad@correo.com
137.0,Miguel Montoya,user123,19.0, lu@correo.com 
282.0,Miguel Montoya,admin123,800.0,km@correo.com
321.0,Rocio Rua,love123,25.0,km@correo.com
,Miguel Montoya,user123,19.0,ju@correo.com
29.0,Carlos Cuesta,person987,-10.0,gb@correo.com
127.0,Rocio Rua,as,25.0,ad@correo.com
317.0,Rocio Rua,user123,40.0, ad@correo.com 
360.0,Rocio Rua,person987,65.0,jl@correo.com
,Carlos Cuesta,gap987,65.0,jl@correo.com
211.0,Luisa Lopez,admin123,30.0, yu@correo.com 
196.0,Pedro Perez,user123,-10.0,lu@correo.com
384.0,,admin123,25.0,gb@correo.com
347.0,Juan Jimenez,admin987,800.0,jl@correo.com
312.0,Rocio Rua,person987,800.0,yu@correo.com
427.0,Maria Martinez,love987,800.0,jl@correo.com
260.0,Pedro Perez,user123,,ju@correo.com
,Fernanda Fernandez,user123,24.0,ju@correo.com
27.0,,user123,65.0,ju@correo.com
,Fernanda Fernandez,person123,65.0,ad@correo.com
117.0,11,person987,37.0,km@correo.com
490.0,Pedro Perez,love987,800.0,hr@correo.com
,Juan Jimenez,admin987,30.0,ad@correo.com
85.0,Juan Jimenez,,20.0,km@correo.com
133.0,,gap123,65.0,jl@correo.com
235.0,Juan Jimenez,admin123,-10.0,jl@correo.com
469.0,Pedro Perez,person123,30.0, hr@correo.com 
443.0,Laura Lopez,love123,800.0,ew@correo.com
,Rocio Rua,gap123,37.0,jl@correo.com
474.0,Gaston Galeano,love987,40.0,ew@correo.com
399.0,Maria Martinez,user987,24.0,ad@correo.com
,Laura Lopez,love987,29.0,ad@correo.com
500.0,Fernanda Fernandez,user987,800.0,gb@correo.com
257.0,Juan Jimenez,admin123,19.0, gb@correo.com 
349.0,11,person123,20.0,yu@correo.com
114.0,Pedro Perez,love123,25.0, lu@correo.com 
240.0,Juan Jimenez,person123,37.0,km@correo.com
493.0,Luisa Lopez,user987,,gb@correo.com
63.0,Luisa Lopez,love123,25.0,yu@correo.com
315.0,Miguel Montoya,love987,24.0,gb@correo.com
,Juan Jimenez,admin123,22.0,km@correo.com
,Luisa Lopez,user123,30.0,km@correo.com
294.0,,gap987,30.0,ju@correo.com
184.0,Maria Martinez,-,22.0,ad@correo.com
,Luisa Lopez,gap987,30.0,hr@correo.com
136.0,Gaston Galeano,gap987,65.0, yu@correo.com 
48.0,Luisa Lopez,love123,19.0, ad@correo.com 
,Laura Lopez,love123,30.0,jl@correo.com
119.0,,person987,22.0,ew@correo.com
,Fernanda Fernandez,admin987,30.0,gb@correo.com
173.0,Juan Jimenez,admin123,800.0,jl@correo.com
416.0,Carlos Cuesta,love123,,ju@correo.com
43.0,Miguel Montoya,person987,65.0, hr@correo.com 
220.0,Luisa Lopez,love987,30.0, yu@correo.com 
,Carlos Cuesta,user987,22.0,hr@correo.com
391.0,Fernanda Fernandez,user987,22.0, yu@correo.com 
264.0,Fernanda Fernandez,user123,30.0, ad@correo.com 
427.0,11,user987,65.0,ad@correo.com
311.0,Luisa Lopez,,22.0,ad@correo.com
,Rocio Rua,gap987,24.0,ew@correo.com
249.0,Laura Lopez,gap123,40.0, jl@correo.com 
43.0,Luisa Lopez,-,40.0,gb@correo.com
97.0,Carlos Cuesta,gap987,,jl@correo.com
90.0,Rocio Rua,person987,25.0, jl@correo.com 
451.0,Luisa Lopez,gap987,-10.0,ew@correo.com
243.0,Pedro Perez,admin123,800.0,ad@correo.com
450.0,Laura Lopez,admin123,22.0,ju@correo.com
345.0,Carlos Cuesta,user123,40.0,yu@correo.com
431.0,Pedro Perez,gap123,,yu@correo.com
152.0,11,person123,37.0,jl@correo.com
107.0,Rocio Rua,admin987,29.0,km@correo.com
82.0,Gaston Galeano,love123,25.0,ju@correo.com
,Luisa Lopez,love987,24.0,km@correo.com
278.0,Pedro Perez,love123,,km@correo.com
220.0,-10,gap987,65.0,lu@correo.com
317.0,-10,love123,22.0,jl@correo.com
500.0,11,admin123,30.0,ew@correo.com
325.0,Gaston Galeano,love987,800.0,ad@correo.com
443.0,Laura Lopez,admin987,19.0, km@correo.com 
25.0,Carlos Cuesta,user987,22.0, lu@correo.com 
,Laura Lopez,admin987,29.0,lu@correo.com
4.0,-10,person123,22.0,gb@correo.com
416.0,Maria Martinez,gap123,19.0,lu@correo.com
267.0,Rocio Rua,admin987,-10.0,yu@correo.com
169.0,Miguel Montoya,person987,20.0, ad@correo.com 
292.0,Rocio Rua,user987,65.0,hr@correo.com
422.0,Miguel Montoya,gap987,37.0, lu@correo.com 
85.0,Pedro Perez,gap123,22.0, hr@correo.com 
97.0,Laura Lopez,admin123,800.0,ew@correo.com
73.0,Maria Martinez,gap987,24.0,ew@correo.com
487.0,Juan Jimenez,person123,24.0, km@correo.com 
420.0,Gaston Galeano,love987,800.0,ew@correo.com
362.0,Luisa Lopez,user987,37.0, gb@correo.com 
162.0,Laura Lopez,admin123,29.0, jl@correo.com 
154.0,Rocio Rua,-,29.0,ju@correo.com
175.0,Carlos Cuesta,user987,,ad@correo.com
351.0,Pedro Perez,person123,-10.0,gb@correo.com
183.0,Carlos Cuesta,-,20.0,gb@correo.com
490.0,Luisa Lopez,as,22.0,hr@correo.com
316.0,11,person123,24.0,ad@correo.com
47.0,Rocio Rua,love987,,hr@correo.com
238.0,Luisa Lopez,love987,800.0,hr@correo.com
358.0,Carlos Cuesta,admin987,25.0, jl@correo.com 
405.0,Laura Lopez,gap123,65.0,gb@correo.com
,Laura Lopez,love987,22.0,hr@correo.com
186.0,Juan Jimenez,love987,25.0, lu@correo.com 
481.0,Rocio Rua,gap123,65.0,yu@correo.com
194.0,Rocio Rua,as,30.0,jl@correo.com
128.0,-10,admin123,40.0,lu@correo.com
,Juan Jimenez,love123,19.0,ad@correo.com
325.0,Gaston Galeano,person987,-10.0,jl@correo.com
430.0,Maria Martinez,gap123,30.0,ad@correo.com
476.0,Pedro Perez,love123,19.0, ad@correo.com 
188.0,Miguel Montoya,admin987,40.0, yu@correo.com 
,Miguel Montoya,user123,22.0,ew@correo.com
433.0,Juan Jimenez,user123,25.0, ad@correo.com 
229.0,-10,gap123,20.0,yu@correo.com
369.0,Gaston Galeano,person987,40.0,ew@correo.com
19.0,-10,user987,25.0,jl@correo.com
127.0,Maria Martinez,as,37.0,yu@correo.com
193.0,Carlos Cuesta,gap123,22.0, ad@correo.com 
,Miguel Montoya,person987,29.0,ew@correo.com
56.0,Pedro Perez,user123,19.0, ew@correo.com 
6.0,Gaston Galeano,person123,29.0,ad@correo.com
445.0,Miguel Montoya,-,65.0,ad@correo.com
186.0,Miguel Montoya,admin123,,yu@correo.com
487.0,,user123,29.0,ew@correo.com
301.0,Pedro Perez,admin123,24.0, hr@correo.com 
267.0,11,user987,29.0,km@correo.com
,Maria Martinez,gap123,40.0,jl@correo.com
124.0,Fernanda Fernandez,,22.0,ad@correo.com
165.0,Pedro Perez,-,19.0,jl@correo.com
496.0,-10,user987,22.0,gb@correo.com
282.0,Maria Martinez,love123,25.0, km@correo.com 
406.0,Laura Lopez,-,29.0,km@correo.com
320.0,11,person987,25.0,lu@correo.com
277.0,Pedro Perez,person987,29.0, ad@correo.com 
181.0,Gaston Galeano,person123,,gb@correo.com
274.0,Juan Jimenez,user123,25.0, gb@correo.com 
,Laura Lopez,user987,24.0,jl@correo.com
423.0,Fernanda Fernandez,,22.0,ad@correo.com
106.0,11,love987,29.0,lu@correo.com
471.0,Juan Jimenez,gap123,37.0, ad@correo.com 
445.0,Miguel Montoya,person987,29.0, yu@correo.com 
,Rocio Rua,love123,29.0,gb@correo.com
177.0,Juan Jimenez,person987,37.0, jl@correo.com 
121.0,Miguel Montoya,gap123,20.0,ju@correo.com
478.0,11,user987,25.0,gb@correo.com
36.0,Juan Jimenez,person987,30.0, yu@correo.com 
340.0,,love123,19.0,jl@correo.com
233.0,Pedro Perez,gap987,19.0, ju@correo.com 
363.0,Miguel Montoya,person987,-10.0,ew@correo.com
246.0,Gaston Galeano,user123,-10.0,ew@correo.com
,Miguel Montoya,person987,40.0,ad@correo.com
443.0,Luisa Lopez,gap123,,jl@correo.com
7.0,Miguel Montoya,admin987,30.0, hr@correo.com 
427.0,Carlos Cuesta,as,24.0,ew@correo.com
423.0,Miguel Montoya,gap123,40.0, hr@correo.com 
233.0,Rocio Rua,user987,19.0, yu@correo.com 
111.0,Juan Jimenez,person123,800.0,km@correo.com
350.0,-10,user123,20.0,hr@correo.com
122.0,Luisa Lopez,user123,19.0,ju@correo.com
80.0,Luisa Lopez,as,37.0,km@correo.com
,Gaston Galeano,user123,30.0,lu@correo.com
435.0,Gaston Galeano,admin987,800.0,hr@correo.com
497.0,Laura Lopez,admin987,800.0,ad@correo.com
493.0,Fernanda Fernandez,admin123,800.0,km@correo.com
,Luisa Lopez,person987,30.0,yu@correo.com
,Maria Martinez,person987,37.0,ew@correo.com
368.0,Luisa Lopez,person123,25.0, yu@correo.com 
453.0,,admin123,65.0,lu@correo.com
112.0,Juan Jimenez,love987,40.0,ew@correo.com
,Laura Lopez,admin987,25.0,gb@correo.com
485.0,11,gap123,37.0,jl@correo.com
,Miguel Montoya,admin123,25.0,ad@correo.com
379.0,Carlos Cuesta,user123,25.0, ju@correo.com 
461.0,,love123,37.0,ju@correo.com
293.0,-10,admin987,30.0,ju@correo.com
,Laura Lopez,love123,20.0,lu@correo.com
180.0,Gaston Galeano,gap123,20.0,km@correo.com
,Pedro Perez,person987,30.0,ju@correo.com
27.0,-10,person987,30.0,yu@correo.com
96.0,-10,user987,30.0,jl@correo.com
90.0,Fernanda Fernandez,user987,24.0,gb@correo.com
346.0,Rocio Rua,love123,-10.0,ew@correo.com
84.0,Gaston Galeano,user123,19.0, km@correo.com 
256.0,-10,person123,40.0,hr@correo.com
204.0,Miguel Montoya,-,24.0,ad@correo.com
,Pedro Perez,user987,20.0,lu@correo.com
402.0,Carlos Cuesta,user987,24.0, ju@correo.com 
,Miguel Montoya,gap123,22.0,hr@correo.com
209.0,Juan Jimenez,user123,37.0,km@correo.com
53.0,Miguel Montoya,gap123,,hr@correo.com
472.0,Miguel Montoya,admin987,40.0,lu@correo.com
439.0,Juan Jimenez,love123,29.0, ad@correo.com 
111.0,Luisa Lopez,user987,800.0,ew@correo.com
451.0,Laura Lopez,love123,24.0,km@correo.com
319.0,,user987,65.0,lu@correo.com
82.0,Laura Lopez,user123,-10.0,lu@correo.com
,Carlos Cuesta,user123,24.0,ad@correo.com
137.0,Carlos Cuesta,admin987,19.0, jl@correo.com 
,Rocio Rua,gap987,30.0,ju@correo.com
,Gaston Galeano,love123,22.0,km@correo.com
,Juan Jimenez,gap123,20.0,gb@correo.com
,Gaston Galeano,person123,24.0,ad@correo.com
405.0,Maria Martinez,love123,29.0,ad@correo.com
460.0,-10,gap987,19.0,ad@correo.com
51.0,Rocio Rua,,37.0,km@correo.com
431.0,Juan Jimenez,person987,24.0, yu@correo.com 
203.0,Pedro Perez,love123,-10.0,km@correo.com
31.0,,admin987,65.0,lu@correo.com
469.0,-10,gap123,37.0,km@correo.com
41.0,Rocio Rua,as,24.0,ew@correo.com
197.0,Pedro Perez,,22.0,ad@correo.com
226.0,Pedro Perez,gap123,24.0,hr@correo.com
,Pedro Perez,admin987,20.0,lu@correo.com
485.0,Pedro Perez,admin123,65.0,hr@correo.com
453.0,11,love123,29.0,gb@correo.com
395.0,Miguel Montoya,user123,-10.0,ad@correo.com
291.0,Maria Martinez,person123,37.0, jl@correo.com 
408.0,Miguel Montoya,love987,29.0, yu@correo.com 
479.0,Fernanda Fernandez,love987,-10.0,lu@correo.com
74.0,Luisa Lopez,admin987,-10.0,yu@correo.com
464.0,Laura Lopez,gap123,800.0,lu@correo.com
222.0,Juan Jimenez,user987,30.0,hr@correo.com
365.0,Pedro Perez,gap123,30.0, ad@correo.com 
265.0,Gaston Galeano,user123,800.0,yu@correo.com
121.0,Laura Lopez,gap123,65.0, km@correo.com 
276.0,Maria Martinez,love123,800.0,km@correo.com
319.0,Maria Martinez,admin987,-10.0,yu@correo.com
359.0,,gap987,22.0,km@correo.com
,Laura Lopez,user987,37.0,yu@correo.com
134.0,Rocio Rua,admin987,40.0, yu@correo.com 
269.0,Rocio Rua,person987,,ju@correo.com
476.0,Luisa Lopez,gap123,30.0,ad@correo.com
232.0,Juan Jimenez,person123,,gb@correo.com
294.0,Fernanda Fernandez,person123,800.0,ju@correo.com
189.0,,love123,20.0,jl@correo.com
81.0,Fernanda Fernandez,-,29.0,gb@correo.com
3.0,Gaston Galeano,gap987,19.0,jl@correo.com
404.0,Laura Lopez,love123,-10.0,jl@correo.com
156.0,Laura Lopez,person987,800.0,lu@correo.com
196.0,Luisa Lopez,admin987,37.0,ew@correo.com
401.0,Maria Martinez,admin123,30.0,ju@correo.com
409.0,Rocio Rua,love987,,gb@correo.com
,Luisa Lopez,love123,20.0,ju@correo.com
,Carlos Cuesta,gap987,40.0,yu@correo.com
27.0,Maria Martinez,user987,800.0,ad@correo.com
318.0,Rocio Rua,person987,65.0, ad@correo.com 
238.0,11,person123,20.0,ad@correo.com
31.0,Carlos Cuesta,admin987,22.0,jl@correo.com
281.0,Miguel Montoya,love123,,lu@correo.com
13.0,-10,love987,37.0,ju@correo.com
,Luisa Lopez,gap123,65.0,ad@correo.com
56.0,Pedro Perez,love123,800.0,ju@correo.com
453.0,Gaston Galeano,admin987,37.0,ad@correo.com
,Laura Lopez,user123,20.0,yu@correo.com
497.0,Luisa Lopez,gap123,800.0,ew@correo.com
400.0,,user987,25.0,hr@correo.com
378.0,Miguel Montoya,user987,65.0, hr@correo.com 
74.0,Miguel Montoya,love987,40.0, ad@correo.com 
228.0,Maria Martinez,person987,24.0, gb@correo.com 
394.0,Maria Martinez,admin987,37.0, ew@correo.com 
301.0,Carlos Cuesta,gap123,800.0,lu@correo.com
357.0,Carlos Cuesta,user987,30.0, ju@correo.com 
,Carlos Cuesta,gap123,37.0,km@correo.com
,Carlos Cuesta,user123,37.0,yu@correo.com
283.0,Carlos Cuesta,user123,19.0, ad@correo.com 
174.0,Laura Lopez,gap123,30.0, ad@correo.com 
421.0,Carlos Cuesta,user987,800.0,yu@correo.com
,Luisa Lopez,love987,20.0,ju@correo.com
371.0,Fernanda Fernandez,as,22.0,ad@correo.com
256.0,Maria Martinez,person987,-10.0,hr@correo.com
398.0,,admin123,22.0,ju@correo.com
75.0,Luisa Lopez,gap123,800.0,ew@correo.com
,Laura Lopez,gap987,20.0,km@correo.com
,Rocio Rua,love123,65.0,lu@correo.com
129.0,Carlos Cuesta,love987,29.0, jl@correo.com 
337.0,,gap123,30.0,ju@correo.com
217.0,Luisa Lopez,,19.0,ad@correo.com
189.0,11,person987,19.0,km@correo.com
239.0,,admin123,29.0,jl@correo.com
424.0,,love123,29.0,gb@correo.com
,Gaston Galeano,user987,40.0,ew@correo.com
249.0,,user987,25.0,lu@correo.com
182.0,Maria Martinez,,25.0,jl@correo.com
336.0,-10,user123,25.0,ad@correo.com
60.0,Maria Martinez,person987,800.0,km@correo.com
302.0,11,user123,37.0,gb@correo.com
321.0,,admin123,30.0,km@correo.com
255.0,Fernanda Fernandez,admin987,20.0,gb@correo.com
277.0,Miguel Montoya,as,24.0,jl@correo.com
,Fernanda Fernandez,love123,24.0,lu@correo.com
,Rocio Rua,person987,25.0,jl@correo.com
,Rocio Rua,love987,37.0,ju@correo.com
264.0,11,love123,19.0,yu@correo.com
459.0,Gaston Galeano,user123,25.0, gb@correo.com 
284.0,Rocio Rua,person123,,ju@correo.com
,Carlos Cuesta,admin123,20.0,km@correo.com
169.0,Laura Lopez,gap987,30.0, km@correo.com 
73.0,Fernanda Fernandez,admin123,40.0, hr@correo.com 
425.0,,love987,65.0,km@correo.com
350.0,Luisa Lopez,user987,40.0, lu@correo.com 
151.0,Gaston Galeano,user123,37.0, ad@correo.com 
277.0,Carlos Cuesta,user123,24.0,ad@correo.com
,Gaston Galeano,person987,25.0,ad@correo.com
420.0,,love123,22.0,km@correo.com
211.0,Gaston Galeano,person987,800.0,hr@correo.com
486.0,Luisa Lopez,love123,29.0,km@correo.com
20.0,Maria Martinez,-,19.0,lu@correo.com
102.0,Carlos Cuesta,admin123,22.0, ew@correo.com 
480.0,Juan Jimenez,person987,25.0,km@correo.com
408.0,Gaston Galeano,love987,65.0, ew@correo.com 
,Maria Martinez,gap123,30.0,lu@correo.com
47.0,Maria Martinez,admin987,20.0, ad@correo.com 
460.0,,person123,20.0,hr@correo.com
453.0,Juan Jimenez,gap123,800.0,yu@correo.com
361.0,,person987,24.0,ju@correo.com
475.0,Juan Jimenez,person123,20.0, ad@correo.com 
130.0,Fernanda Fernandez,admin123,29.0, ew@correo.com 
119.0,Pedro Perez,love987,,yu@correo.com
390.0,11,person123,20.0,hr@correo.com
116.0,Luisa Lopez,as,24.0,jl@correo.com
,Maria Martinez,gap123,29.0,hr@correo.com
,Maria Martinez,love987,19.0,km@correo.com
352.0,-10,gap987,20.0,km@correo.com
345.0,11,love123,40.0,yu@correo.com
21.0,Luisa Lopez,love987,800.0,ad@correo.com
203.0,Miguel Montoya,-,29.0,yu@correo.com
197.0,Pedro Perez,person987,25.0,ad@correo.com
165.0,Juan Jimenez,gap987,,km@correo.com
,Maria Martinez,person123,20.0,yu@correo.com
,Juan Jimenez,love987,65.0,lu@correo.com
285.0,Pedro Perez,user987,19.0, ad@correo.com 
135.0,Fernanda Fernandez,person123,37.0, hr@correo.com 
,Fernanda Fernandez,admin123,19.0,gb@correo.com
456.0,Juan Jimenez,gap123,800.0,gb@correo.com
45.0,Maria Martinez,as,29.0,yu@correo.com
365.0,Luisa Lopez,gap987,22.0,hr@correo.com
217.0,Rocio Rua,user987,,yu@correo.com
,Maria Martinez,person987,37.0,ju@correo.com
472.0,11,user123,30.0,jl@correo.com
,Carlos Cuesta,person987,65.0,yu@correo.com
,Pedro Perez,admin987,30.0,gb@correo.com
250.0,Rocio Rua,love987,800.0,ad@correo.com
,Juan Jimenez,person123,65.0,ad@correo.com
374.0,,admin987,22.0,lu@correo.com
187.0,Carlos Cuesta,love123,,gb@correo.com
218.0,Rocio Rua,admin123,29.0, hr@correo.com 
,Fernanda Fernandez,admin123,20.0,hr@correo.com
231.0,Carlos Cuesta,-,40.0,ad@correo.com
311.0,Miguel Montoya,admin123,29.0, ju@correo.com 
151.0,Luisa Lopez,person123,22.0, ew@correo.com 
456.0,Miguel Montoya,admin123,,ju@correo.com
352.0,-10,love123,24.0,ew@correo.com
,Rocio Rua,gap123,29.0,ad@correo.com
204.0,Maria Martinez,user987,40.0,ad@correo.com
209.0,-10,gap987,37.0,km@correo.com
497.0,Laura Lopez,user987,,gb@correo.com
469.0,Laura Lopez,user123,37.0,jl@correo.com
174.0,Carlos Cuesta,love987,800.0,ad@correo.com
,Rocio Rua,user987,20.0,yu@correo.com
484.0,Fernanda Fernandez,as,24.0,ad@correo.com
,Maria Martinez,love123,19.0,jl@correo.com
117.0,Carlos Cuesta,-,29.0,ew@correo.com
28.0,Maria Martinez,user123,37.0, km@correo.com 
239.0,Luisa Lopez,user987,37.0, hr@correo.com 
268.0,-10,love123,30.0,ad@correo.com
324.0,Maria Martinez,as,40.0,ju@correo.com
,Pedro Perez,person987,37.0,ew@correo.com
407.0,Laura Lopez,love987,29.0,gb@correo.com
97.0,Pedro Perez,user987,800.0,ju@correo.com
472.0,Laura Lopez,-,19.0,ad@correo.com
75.0,-10,user123,40.0,ad@correo.com
115.0,Pedro Perez,as,25.0,ad@correo.com
485.0,,gap987,20.0,yu@correo.com
143.0,Maria Martinez,gap987,37.0,ad@correo.com
,Miguel Montoya,love123,30.0,km@correo.com
2.0,Rocio Rua,user123,30.0, ju@correo.com 
210.0,Juan Jimenez,love123,65.0,yu@correo.com
135.0,Fernanda Fernandez,admin987,,yu@correo.com
216.0,Laura Lopez,admin123,24.0, jl@correo.com 
,Rocio Rua,user123,29.0,gb@correo.com
,Rocio Rua,user987,20.0,ad@correo.com
22.0,Luisa Lopez,-,25.0,ad@correo.com
31.0,Luisa Lopez,gap123,-10.0,gb@correo.com
41.0,Miguel Montoya,admin123,19.0, gb@correo.com 
411.0,Laura Lopez,gap987,22.0, ad@correo.com 
139.0,-10,love123,30.0,jl@correo.com
373.0,Laura Lopez,gap123,37.0,ew@correo.com
104.0,Pedro Perez,love123,40.0, ad@correo.com 
241.0,Fernanda Fernandez,love123,,ad@correo.com
104.0,Laura Lopez,user123,29.0, km@correo.com 
296.0,Pedro Perez,user987,800.0,gb@correo.com
39.0,Fernanda Fernandez,love123,37.0, jl@correo.com 
232.0,,love123,22.0,hr@correo.com
,Maria Martinez,love987,25.0,ad@correo.com
170.0,Fernanda Fernandez,,24.0,yu@correo.com
,Luisa Lopez,love123,37.0,ju@correo.com
43.0,Carlos Cuesta,,19.0,jl@correo.com
288.0,Rocio Rua,person987,37.0, lu@correo.com 
471.0,,admin123,40.0,jl@correo.com
339.0,,gap123,22.0,ew@correo.com
,Fernanda Fernandez,love123,65.0,ad@correo.com
,Pedro Perez,admin987,22.0,hr@correo.com
,Laura Lopez,gap123,65.0,hr@correo.com
,Juan Jimenez,gap987,24.0,ju@correo.com
91.0,Pedro Perez,as,29.0,hr@correo.com
196.0,Miguel Montoya,as,19.0,jl@correo.com
391.0,11,gap987,22.0,jl@correo.com
95.0,Rocio Rua,gap123,800.0,km@correo.com
237.0,11,gap123,24.0,gb@correo.com
,Miguel Montoya,gap123,25.0,ju@correo.com
274.0,Juan Jimenez,user987,24.0,km@correo.com
268.0,Carlos Cuesta,user987,-10.0,yu@correo.com
,Miguel Montoya,gap123,40.0,yu@correo.com
334.0,Pedro Perez,user123,-10.0,yu@correo.com
283.0,Pedro Perez,love987,,km@correo.com
316.0,Juan Jimenez,admin123,30.0,hr@correo.com
,Carlos Cuesta,love123,20.0,yu@correo.com
197.0,,admin987,37.0,yu@correo.com
65.0,Fernanda Fernandez,person987,19.0, gb@correo.com 
249.0,-10,love987,37.0,gb@correo.com
225.0,Laura Lopez,admin987,20.0,lu@correo.com
339.0,,gap123,30.0,hr@correo.com
362.0,Rocio Rua,love123,37.0, ad@correo.com 
499.0,,gap987,19.0,ew@correo.com
,Gaston Galeano,gap987,20.0,gb@correo.com
,Rocio Rua,admin123,40.0,ad@correo.com
105.0,Laura Lopez,as,40.0,km@correo.com
421.0,-10,person987,20.0,km@correo.com
236.0,Rocio Rua,love987,30.0, ad@correo.com 
22.0,Juan Jimenez,admin987,800.0,jl@correo.com
422.0,Juan Jimenez,as,29.0,ad@correo.com
123.0,Rocio Rua,admin987,800.0,ad@correo.com
457.0,Laura Lopez,admin123,25.0, gb@correo.com 
134.0,Rocio Rua,gap123,,lu@correo.com
,Juan Jimenez,love123,30.0,km@correo.com
326.0,Carlos Cuesta,love987,20.0, jl@correo.com 
321.0,-10,user123,40.0,ad@correo.com
,Carlos Cuesta,person987,65.0,jl@correo.com
134.0,Pedro Perez,love987,30.0, ju@correo.com 
261.0,Carlos Cuesta,love987,,ad@correo.com
469.0,Luisa Lopez,user123,22.0, hr@correo.com 
481.0,Laura Lopez,love987,800.0,jl@correo.com
199.0,Miguel Montoya,person123,37.0,lu@correo.com
,Maria Martinez,admin123,22.0,km@correo.com
26.0,Juan Jimenez,admin123,19.0, lu@correo.com 
,Gaston Galeano,person123,19.0,yu@correo.com
278.0,Miguel Montoya,love987,29.0, gb@correo.com 
411.0,Carlos Cuesta,,24.0,km@correo.com
,Pedro Perez,love987,29.0,ad@correo.com
498.0,Fernanda Fernandez,person987,800.0,ju@correo.com
183.0,Gaston Galeano,admin987,19.0,hr@correo.com
186.0,Miguel Montoya,user987,24.0, hr@correo.com 
324.0,Pedro Perez,gap123,37.0, yu@correo.com 
451.0,Juan Jimenez,user987,25.0, lu@correo.com 
,Rocio Rua,love123,25.0,ad@correo.com
269.0,Miguel Montoya,user123,22.0,km@correo.com
46.0,,love123,20.0,km@correo.com
9.0,11,admin123,22.0,ad@correo.com
271.0,Laura Lopez,person987,22.0, gb@correo.com 
,Pedro Perez,love123,30.0,ew@correo.com
495.0,Maria Martinez,person123,30.0,lu@correo.com
109.0,Juan Jimenez,person123,,ad@correo.com
219.0,-10,admin987,65.0,yu@correo.com
158.0,Carlos Cuesta,admin987,800.0,jl@correo.com
425.0,,admin123,29.0,ad@correo.com
,Gaston Galeano,user987,25.0,ad@correo.com
204.0,-10,person123,22.0,ju@correo.com
,Juan Jimenez,love987,20.0,gb@correo.com
92.0,Maria Martinez,user987,37.0,gb@correo.com
387.0,Fernanda Fernandez,gap987,,jl@correo.com
414.0,Carlos Cuesta,person987,29.0, hr@correo.com 
476.0,Carlos Cuesta,user123,20.0, gb@correo.com 
229.0,Rocio Rua,gap123,800.0,jl@correo.com
495.0,Rocio Rua,user123,65.0, hr@correo.com 
392.0,-10,user123,40.0,km@correo.com
415.0,11,love987,29.0,ew@correo.com
31.0,Fernanda Fernandez,person123,,ad@correo.com
209.0,Laura Lopez,person987,22.0, ew@correo.com 
327.0,Fernanda Fernandez,gap987,24.0,ju@correo.com
31.0,Gaston Galeano,admin987,,ad@correo.com
302.0,Miguel Montoya,love987,37.0,hr@correo.com
265.0,11,user123,19.0,hr@correo.com
496.0,Laura Lopez,love123,22.0, yu@correo.com 
490.0,Carlos Cuesta,-,19.0,ew@correo.com
12.0,Pedro Perez,user987,800.0,ad@correo.com
17.0,Pedro Perez,admin123,65.0, yu@correo.com 
